{"config": {"pkg": "./teste2", "execdate": "06-12-2024_19:34:31", "command": "pascalanalyzer -t aut -c 1,2,4,8,16,32,64,128 -i 88,175,350,699,1398,2796,5592 -o randomforest.json ./teste2", "hostname": "r2n04.npad.internal", "kernel": "Linux-4.18.0-477.10.1.el8_8.x86_64-x86_64-with-glibc2.14", "disable_hyperthread": false, "auto_instrumentation": true, "idle_time": 0, "data_descriptor": {"values": ["start_time", "stop_time"], "extras": {"regions": {"values": ["start_time", "stop_time", "start_line", "stop_line", "thread_id", "filename"]}}, "keys": ["cores", "input", "repetitions"]}, "disable_cores": false, "discard_ompnt": true, "arguments": ["175", "2796", "1398", "5592", "699", "350", "88"]}, "data": {"128;0;1": {"start_time": 1733524471.0804226, "stop_time": 1733524471.0861373}, "128;1;1": {"start_time": 1733524471.0871024, "stop_time": 1733524471.0898283}, "128;2;1": {"start_time": 1733524471.0903094, "stop_time": 1733524471.0928571}, "128;3;1": {"start_time": 1733524471.0933273, "stop_time": 1733524471.0957832}, "128;4;1": {"start_time": 1733524471.0963218, "stop_time": 1733524471.0988572}, "128;5;1": {"start_time": 1733524471.0993283, "stop_time": 1733524471.1017776}, "128;6;1": {"start_time": 1733524471.102247, "stop_time": 1733524471.104698}, "64;0;1": {"start_time": 1733524471.1051598, "stop_time": 1733524471.1076307}, "64;1;1": {"start_time": 1733524471.1080916, "stop_time": 1733524471.1105447}, "64;2;1": {"start_time": 1733524471.1110008, "stop_time": 1733524471.1134613}, "64;3;1": {"start_time": 1733524471.1139176, "stop_time": 1733524471.1163685}, "64;4;1": {"start_time": 1733524471.1168249, "stop_time": 1733524471.1192732}, "64;5;1": {"start_time": 1733524471.1197255, "stop_time": 1733524471.1222425}, "64;6;1": {"start_time": 1733524471.122692, "stop_time": 1733524471.1252847}, "32;0;1": {"start_time": 1733524471.1257355, "stop_time": 1733524471.128374}, "32;1;1": {"start_time": 1733524471.1288207, "stop_time": 1733524471.1313627}, "32;2;1": {"start_time": 1733524471.1318114, "stop_time": 1733524471.1353397}, "32;3;1": {"start_time": 1733524471.13594, "stop_time": 1733524471.138954}, "32;4;1": {"start_time": 1733524471.1395078, "stop_time": 1733524471.1420655}, "32;5;1": {"start_time": 1733524471.1425123, "stop_time": 1733524471.1450398}, "32;6;1": {"start_time": 1733524471.1454985, "stop_time": 1733524471.1480944}, "16;0;1": {"start_time": 1733524471.148548, "stop_time": 1733524471.1510963}, "16;1;1": {"start_time": 1733524471.1515486, "stop_time": 1733524471.1540484}, "16;2;1": {"start_time": 1733524471.154502, "stop_time": 1733524471.156939}, "16;3;1": {"start_time": 1733524471.157393, "stop_time": 1733524471.1599138}, "16;4;1": {"start_time": 1733524471.160382, "stop_time": 1733524471.162911}, "16;5;1": {"start_time": 1733524471.1633687, "stop_time": 1733524471.16581}, "16;6;1": {"start_time": 1733524471.1662712, "stop_time": 1733524471.1687682}, "8;0;1": {"start_time": 1733524471.1692212, "stop_time": 1733524471.1717255}, "8;1;1": {"start_time": 1733524471.1721873, "stop_time": 1733524471.1747384}, "8;2;1": {"start_time": 1733524471.1751926, "stop_time": 1733524471.177703}, "8;3;1": {"start_time": 1733524471.1781704, "stop_time": 1733524471.1806705}, "8;4;1": {"start_time": 1733524471.181126, "stop_time": 1733524471.1836107}, "8;5;1": {"start_time": 1733524471.184137, "stop_time": 1733524471.1866407}, "8;6;1": {"start_time": 1733524471.1871142, "stop_time": 1733524471.189577}, "4;0;1": {"start_time": 1733524471.1900322, "stop_time": 1733524471.192473}, "4;1;1": {"start_time": 1733524471.1929173, "stop_time": 1733524471.1963103}, "4;2;1": {"start_time": 1733524471.1968713, "stop_time": 1733524471.2000732}, "4;3;1": {"start_time": 1733524471.2006078, "stop_time": 1733524471.203733}, "4;4;1": {"start_time": 1733524471.2042925, "stop_time": 1733524471.2074971}, "4;5;1": {"start_time": 1733524471.2080553, "stop_time": 1733524471.2112186}, "4;6;1": {"start_time": 1733524471.211749, "stop_time": 1733524471.2147446}, "2;0;1": {"start_time": 1733524471.2152898, "stop_time": 1733524471.2182488}, "2;1;1": {"start_time": 1733524471.2188644, "stop_time": 1733524471.2219834}, "2;2;1": {"start_time": 1733524471.2225354, "stop_time": 1733524471.225658}, "2;3;1": {"start_time": 1733524471.226198, "stop_time": 1733524471.2291539}, "2;4;1": {"start_time": 1733524471.2296839, "stop_time": 1733524471.2327187}, "2;5;1": {"start_time": 1733524471.233249, "stop_time": 1733524471.2363834}, "2;6;1": {"start_time": 1733524471.2369208, "stop_time": 1733524471.2400174}, "1;0;1": {"start_time": 1733524471.2405498, "stop_time": 1733524471.243591}, "1;1;1": {"start_time": 1733524471.244142, "stop_time": 1733524471.2471669}, "1;2;1": {"start_time": 1733524471.2476943, "stop_time": 1733524471.2508786}, "1;3;1": {"start_time": 1733524471.2514415, "stop_time": 1733524471.2544413}, "1;4;1": {"start_time": 1733524471.254958, "stop_time": 1733524471.25797}, "1;5;1": {"start_time": 1733524471.258529, "stop_time": 1733524471.2617834}, "1;6;1": {"start_time": 1733524471.2623224, "stop_time": 1733524471.265348}}}