{"config": {"pkg": "./teste2", "execdate": "06-12-2024_19:30:16", "command": "pascalanalyzer -t aut -c 1,2,4,8,16,32,64,128 -i 88,175,350,699,1398,2796,5592 -o randomforest2.json ./teste2", "hostname": "r2n04.npad.internal", "kernel": "Linux-4.18.0-477.10.1.el8_8.x86_64-x86_64-with-glibc2.14", "disable_hyperthread": false, "auto_instrumentation": true, "idle_time": 0, "data_descriptor": {"values": ["start_time", "stop_time"], "extras": {"regions": {"values": ["start_time", "stop_time", "start_line", "stop_line", "thread_id", "filename"]}}, "keys": ["cores", "input", "repetitions"]}, "disable_cores": false, "discard_ompnt": true, "arguments": ["5592", "175", "88", "2796", "350", "699", "1398"]}, "data": {"128;0;1": {"start_time": 1733524216.4947064, "stop_time": 1733524216.5187256}, "128;1;1": {"start_time": 1733524216.5194137, "stop_time": 1733524216.5221283}, "128;2;1": {"start_time": 1733524216.5225937, "stop_time": 1733524216.5250797}, "128;3;1": {"start_time": 1733524216.5255337, "stop_time": 1733524216.5279458}, "128;4;1": {"start_time": 1733524216.5284045, "stop_time": 1733524216.530856}, "128;5;1": {"start_time": 1733524216.5313127, "stop_time": 1733524216.5339124}, "128;6;1": {"start_time": 1733524216.5343907, "stop_time": 1733524216.5369704}, "64;0;1": {"start_time": 1733524216.5374818, "stop_time": 1733524216.5398948}, "64;1;1": {"start_time": 1733524216.540436, "stop_time": 1733524216.5428712}, "64;2;1": {"start_time": 1733524216.543401, "stop_time": 1733524216.5458744}, "64;3;1": {"start_time": 1733524216.5463269, "stop_time": 1733524216.54873}, "64;4;1": {"start_time": 1733524216.5491877, "stop_time": 1733524216.551529}, "64;5;1": {"start_time": 1733524216.551967, "stop_time": 1733524216.555423}, "64;6;1": {"start_time": 1733524216.556036, "stop_time": 1733524216.5590436}, "32;0;1": {"start_time": 1733524216.559665, "stop_time": 1733524216.5622194}, "32;1;1": {"start_time": 1733524216.562675, "stop_time": 1733524216.5652068}, "32;2;1": {"start_time": 1733524216.5656536, "stop_time": 1733524216.5681033}, "32;3;1": {"start_time": 1733524216.5685465, "stop_time": 1733524216.570945}, "32;4;1": {"start_time": 1733524216.5713983, "stop_time": 1733524216.5737922}, "32;5;1": {"start_time": 1733524216.574246, "stop_time": 1733524216.576642}, "32;6;1": {"start_time": 1733524216.5770974, "stop_time": 1733524216.5800724}, "16;0;1": {"start_time": 1733524216.5807137, "stop_time": 1733524216.583631}, "16;1;1": {"start_time": 1733524216.5842004, "stop_time": 1733524216.5866616}, "16;2;1": {"start_time": 1733524216.5871317, "stop_time": 1733524216.5896976}, "16;3;1": {"start_time": 1733524216.5901458, "stop_time": 1733524216.5925355}, "16;4;1": {"start_time": 1733524216.5929825, "stop_time": 1733524216.5953848}, "16;5;1": {"start_time": 1733524216.5958302, "stop_time": 1733524216.5982006}, "16;6;1": {"start_time": 1733524216.5986497, "stop_time": 1733524216.6011837}, "8;0;1": {"start_time": 1733524216.6016276, "stop_time": 1733524216.6039708}, "8;1;1": {"start_time": 1733524216.6044958, "stop_time": 1733524216.6069622}, "8;2;1": {"start_time": 1733524216.6074123, "stop_time": 1733524216.6097398}, "8;3;1": {"start_time": 1733524216.610191, "stop_time": 1733524216.6126378}, "8;4;1": {"start_time": 1733524216.613089, "stop_time": 1733524216.6154501}, "8;5;1": {"start_time": 1733524216.6158986, "stop_time": 1733524216.618404}, "8;6;1": {"start_time": 1733524216.6188593, "stop_time": 1733524216.6212301}, "4;0;1": {"start_time": 1733524216.6216743, "stop_time": 1733524216.6241283}, "4;1;1": {"start_time": 1733524216.6245685, "stop_time": 1733524216.626937}, "4;2;1": {"start_time": 1733524216.6273923, "stop_time": 1733524216.6297348}, "4;3;1": {"start_time": 1733524216.630185, "stop_time": 1733524216.6325026}, "4;4;1": {"start_time": 1733524216.6329536, "stop_time": 1733524216.6353586}, "4;5;1": {"start_time": 1733524216.6359937, "stop_time": 1733524216.6383653}, "4;6;1": {"start_time": 1733524216.6388113, "stop_time": 1733524216.6412446}, "2;0;1": {"start_time": 1733524216.641685, "stop_time": 1733524216.644044}, "2;1;1": {"start_time": 1733524216.6444905, "stop_time": 1733524216.646836}, "2;2;1": {"start_time": 1733524216.647286, "stop_time": 1733524216.6512876}, "2;3;1": {"start_time": 1733524216.6520977, "stop_time": 1733524216.6561642}, "2;4;1": {"start_time": 1733524216.6569567, "stop_time": 1733524216.6603403}, "2;5;1": {"start_time": 1733524216.6609178, "stop_time": 1733524216.6641104}, "2;6;1": {"start_time": 1733524216.664687, "stop_time": 1733524216.6674619}, "1;0;1": {"start_time": 1733524216.6679304, "stop_time": 1733524216.6711032}, "1;1;1": {"start_time": 1733524216.6716826, "stop_time": 1733524216.6749415}, "1;2;1": {"start_time": 1733524216.675513, "stop_time": 1733524216.6783032}, "1;3;1": {"start_time": 1733524216.6787584, "stop_time": 1733524216.6815283}, "1;4;1": {"start_time": 1733524216.681984, "stop_time": 1733524216.684463}, "1;5;1": {"start_time": 1733524216.6849165, "stop_time": 1733524216.6878204}, "1;6;1": {"start_time": 1733524216.688395, "stop_time": 1733524216.6913812}}}